"161.jpg","Stadsuitzicht met steigers","Ol.o.lin.","55x65","2004","-1"
"162.jpg","Kruispunt","Ol.o.lin.","55x75","2001-2004","1200"
"schilderijen 01 001.jpg","Stroom","Ol.o.lin.","170x135","2000","5550"
"schilderijen 01 002.jpg","Struiken","Ol.o.lin.","135x140","2000","-1"
"schilderijen 01 003.jpg","Prikkeldraad","Ol.o.lin.","135x135","2000","4200"
"schilderijen 01 004.jpg","Poort/Moeder of Vrouw","Ol.o.d.","178x193x193","1989","3800"
"schilderijen 01 005.jpg","Sneeuwvlekken in kleur","Ol.o.lin.","170x135","2000","5200"
"schilderijen 01 006.jpg","Glas-in-loodraam","Ol.o.lin.","180x135","2000","5800"
"schilderijen 01 007.jpg","Tripitaka","Gemengde techniek/collage","130x150","1988","3600"
"schilderijen 01 012.jpg","Zonder titel","Ol.o.lin.","135x145","2000","4400"
"schilderijen 01 014.jpg","Mens en nood","Ol.o.hout","81x122","1992","2400"
"schilderijen 01 015.jpg","Nacht in de singel","Ol.o.lin.","55x65 (tweeluik)","2001","2400"
"schilderijen 03 darius 126.jpg","Stadsuitzicht","Ol.o.papier","65x74","1990","900"
"schilderijen 04 en schilderijen amsterdam 007.jpg","Vrouw (deel 1 van drieluik)","Ol.o.bord","21x29","1989","1800"
"schilderijen 04 en schilderijen amsterdam 008.jpg","Vrouw-Droom-Stad (drieluik)","Ol.o.bord","21x29 21x29 29x42","1989","1800"
"schilderijen 04 en schilderijen amsterdam 009.jpg","Droom (deel 2 van drieluik)","Ol.o.bord","21x29","1989","1800"
"schilderijen 04 en schilderijen amsterdam 010.jpg","Stad (deel 3 van drieluik)","Ol.o.bord","29x42","1989","1800"
"schilderijen 04 en schilderijen amsterdam 011.jpg","Bomenlandschap in maanlicht","Ol.o.lin.","55x65","2000","1200"
"schilderijen 04 en schilderijen amsterdam 014.jpg","Zenderstoornissen","Ol.o.lin.","65x85","2000","1300"
"schilderijen 04 en schilderijen amsterdam 016.jpg","Zenderstoornissen II","Ol.o.lin.","60x85","2000","1200"
"schilderijen 04 en schilderijen amsterdam 017.jpg","Graanveld/Zeelandschap","Ol.o.lin.","85x100","2000","1500"
"schilderijen 04 en schilderijen amsterdam 020.jpg","Prikkeldraad II","Ol.o.lin.","135x145","2000","4200"
"schilderijen 04 en schilderijen amsterdam 021.jpg","Regendruppels op ruit","Ol.o.lin.","135x140","2000","4200"
"schilderijen 04 en schilderijen amsterdam 022.jpg","Slingers","Ol.o.lin.","135x150","2000","4800"
"schilderijen 04 en schilderijen amsterdam 023.jpg","Steden/Sterren","Ol.o.lin.","135x170","2000","5700"
"schilderijen 04 en schilderijen amsterdam 025.jpg","Cultuurschappen/Amsterdam","Ol.o.lin.","105x125","2001-2004","4100"
"schilderijen 04 en schilderijen amsterdam 026.jpg","Amsterdam in de nacht","Ol.o.lin.","125x105","2000-2004","3900"
"schilderijen 04 en schilderijen amsterdam 027.jpg","Amsterdam in de nacht II","Ol.o.lin.","125x105","2000-2004","4100"
"schilderijen 04 en schilderijen amsterdam 028.jpg","Amsterdams cultuurschap","Ol.o.lin.","105x125","2000-2004","3900"
"IM001550.jpg","N","N","N","N","0"
"IM001551.jpg","N","N","N","N","0"
"IM001565.jpg","N","N","N","N","0"
"IM001566.jpg","N","N","N","N","0"
"IM001567.jpg","N","N","N","N","0"
"IM001568.jpg","N","N","N","N","0"
"IM001569.jpg","N","N","N","N","0"
"IM001570.jpg","N","N","N","N","0"
"101.jpg","Playboy-boy","Ol.o.bord","20x26","1988","550"
"121.jpg","Werkend meisje","Ol.o.lin.","22x30","1992","650"
"123.jpg","Wanhoop","Ol.o.bord","14,5x15,5","1989","-1"
"124.jpg","Torso","Ol.o.bord","22x19","1991","500"
"125.jpg","Man in embryohouding","Ol.o.bord","22x19","1991","550"
"126.jpg","Heilige Moeder&Zoon","Ol.o.bord","19,5x22,5","1992","550"
"137.jpg","Portret (Solzjenitsyn)","Ol.o.lin.","45x55","1996","850"
"146.jpg","Slaapwandelaar","Ol.o.doek","40x50","1990","850"
"148 A.jpg","De Val","Ets","24,5x16","1990","225"
"148 B.jpg","De Val","Ets (ingekleurd)","24,5x16","1990","300"
"157.jpg","Man schilderij ophangend","Ol.o.bord","70x85","1992","1100"
"159.jpg","Stad&Vrouw","Ol.o.bord","61x76","1991","2400"
"171.jpg","Liggende eenzame","Ol.o.bord","20,5x26,5","1989","-1"
"174.jpg","Meisje met dubbelportret","Ol.o.bord","30x39","1989","950"
"19.jpg","Liggende man","Acryl o.p.","60x73,5","1993","1050"
"202.jpg","Schreeuw","Pastel/kl.potl.o.p.","13x9","1992","225"
"237.jpg","Meisje in het water","Bruin/zwarte inkt tek.","37x55","1995","400"
"241.jpg","Gebogen vrouw","Ol.o.p.","45x56","1995","650"
"246.jpg","Pasgeborene","Acryl o.p.","36,5x49,5","1996","375"
"248.jpg","Angstig gehurkte man op stoel","Acryl o.p.","36,5x49,5","1995","550"
"249.jpg","Kruipende vrouw","Acryl o.p.","49,5x36,5","1996","550"
"265.jpg","Man portret","Houtskool","21x29","1993","250"
"27 a.jpg","Een-Zaamheid (Eenheid Eenzaamheid)","Ets","2-luik 59,5x39","1993","650"
"274.jpg","Leunende blauwe man","Acryl o.p.","36,5x49,5","1996","475"
"275.jpg","Model met nachtblauwe achtergrond","Ol.o.p.","46x57","1992","950"
"290.jpg","Man in embryohouding","Gem. tech. o.p.","42x59,5","1994","1000"
"319.jpg","De vallende / in zijn droom","Gem. tech. o.p.","100,5x65","1995","1250"
"320.jpg","Speelse jongen","Gem. tech. o.p.","65x100,5","1995","1150"
"321.jpg","Andersgeborene","Gem. tech.","65x100,5","1995","1250"
"86.jpg","Schreeuw","Ol.o.lin.","140x85","1992","3800"
"88.jpg","Diagonale horizon","Ol.o.bord","38x45","1992","850"
"97.jpg","Maanlicht kapsel","Ol.o.bord","20,5x32","1988","550"
"paarden schilderijen 091.jpg","In bed als paard","Ol.o.doek","35x38","1991","1050"
"schilderijen 01 011.jpg","Loser / zonder toeschouwer","Ol.o.lin.","140x120","1993","4500"
"schilderijen 01 020.jpg","Allegorie van het geloof","Ol.o.bord","82x122","1992","4500"
"schilderijen 01 021.jpg","Man met hond","Gem.tech.","50x70","1995","850"
"schilderijen 01 022.jpg","Vrouw met hond","Gem.tech.","50x70","1991","950"
"schilderijen 01 023.jpg","Oude vrouw in kou","Olieverf/oliepastel o.p.","50x65","1994","950"
"schilderijen 01 024.jpg","Hondse man","Acryl o.p.","76x56","1992","925"
"schilderijen 01 025.jpg","Hondse vrouw","Acryl o.p.","76x56","1992","925"
"schilderijen 01 027.jpg","Hangende man","Gem.tech.o.p.","42x60","1992","850"
"schilderijen 01 028.jpg","Val in droom","Gem.tech.o.p.","60x42","1992","850"
"schilderijen 01 031.jpg","Angela / Sorrow","Gem. tech.","65x100,5","1995","-1"
"schilderijen 01 032.jpg","Nabucco II / Zelfportret","Gemengde techniek o.p.","100,5x70","1994","1050"
"schilderijen 01 035.jpg","Verlegen model","Ol.o.p.","46x57","1991","850"
"schilderijen 01 039.jpg","Liggende","Gem.techniek op papier(kleurpotlood/pastel/acryl/aquarel)","51x56,5","1994","950"
"schilderijen 01 040.jpg","Hondse vermoeidheid","Acryl o.p.","95x52","1994","950"
"schilderijen 01 041.jpg","Man in gekruiste vorm","Gem.tech.o.p.","42x60","1992","850"
"schilderijen 01 042.jpg","Zittende man met licht van rechts","Gem.tech.o.p.","42x60","1992","850"
"schilderijen 01 045.jpg","Zittende (handen vast)","Aq./acryl o.p.","50x85","1993","900"
"schilderijen 01 046.jpg","Zittende in gedachten","Aq./acryl o.p.","50x58","1993","750"
"schilderijen 01 047.jpg","Afro-schoonheid","Acryl o.p.","75x55","1992","1150"
"schilderijen 01 048.jpg","Afro-schoonheid","Acryl o.p.","75x55","1992","1150"
"schilderijen 01 049.jpg","Opstaan","Oliekrijt/Indische inkt o.p.","100,5x65","1993","800"
"schilderijen 01 050.jpg","Liefdespaar","Gem.tech.","50x70","1991","950"
"schilderijen 01 051.jpg","Opstaande man","Gem. tech.","100,5x65","1995","850"
"schilderijen 01 052.jpg","Man met slang","Kleurenpotlood o.p.","65x100,5","1992","950"
"schilderijen 01 059.jpg","Gebogen man","Gem. tech.","75x95","1990","850"
"schilderijen 01 064.jpg","Zwanger in zorgen","Ol.o.p.","18x26","1992","400"
"schilderijen 01 067.jpg","Plassen aan hek / grens","Ol.o.p.","34x25","1992","550"
"schilderijen 01 077.jpg","Beeld aan water","Ol.o.p.","35x26","1991","500"
"schilderijen 01 083.jpg","Plassende","Ol.o.p.","26x37,5","1992","500"
"schilderijen 01 087.jpg","Schoonspringer","Ol.o.p.","21x29","1992","300"
"schilderijen 01 088.jpg","Bidder","Ol.o.p.","32x21","1991","450"
"schilderijen 01 096.jpg","Wanhopige","Aq.","35x28","1993","350"
"schilderijen 01 101.jpg","Zwarte figuur op stoel","Ol.o.p.","27x34","1993","450"
"schilderijen 01 105.jpg","Anthonius","Ol.o.p.","28x36","1992","450"
"schilderijen 01 108.jpg","Laatste ridder met zijn zwaard","Aq.","32x24","1991","300"
"schilderijen 01 116.jpg","Trots (blauwzwanger)","Ol.o.p.","30x21","1992","-1"
"schilderijen 01 121.jpg","In zichzelf gezonken","Ol.o.p.","31x22","1993","300"
"schilderijen 02 029.jpg","Schoonspringer in daling","Ol.o.bord","24x32","1994","500"
"schilderijen 02 044.jpg","Model voor schildersezel","Ol.o.p.","57x46","1990","650"
"schilderijen 02 048.jpg","Wanhopigen (blauw figuur)","Ol.o.p.","64,5x50","2001","900"
"schilderijen 02 067.jpg","Verdwaald op snelweg","Olieverf en oliepastel o.doek","50x40","1990","1100"
"schilderijen 02 075.jpg","Magische krachten of regenboog","Ol.o.doek","55x65","1989","1100"
"schilderijen 02 089.jpg","Vuur en vlam van zee","Ol.o.bord","45x35","1990","950"
"schilderijen 02 092.jpg","Kosmosfiguur","Ol.o.bord","34x45","1989","950"
"schilderijen 02 105.jpg","Compositie met vier figuren","Ol.o.bord","31x31","1990","850"
"schilderijen 02 106.jpg","Vrouw / Man / Slang","Ol.o.doek","28x20","1991","450"
"schilderijen 02 119.jpg","Naar buiten starende","Ol.o.p","34x25","1995","500"
"schilderijen 02 131.jpg","De val","Indische inkt o.p.","30x21","1993","250"
"schilderijen 02 132.jpg","Liggend / slapend naakt","Ind.inkt o.p.","24x17","1992","250"
"schilderijen 02 133.jpg","Betreurende liggende","Potlood","31x22","1993","225"
"schilderijen 03 darius 033.jpg","Pan met geit in landschap","Ol.o.doek","40x50","1988","1000"
"schilderijen 03 darius 034.jpg","Liefdesspel op wiel","Ol.o.doek","60x50","1989","1250"
"schilderijen 03 darius 036.jpg","Eenzame","Ol.o.bord","72x90","1989","1880"
"schilderijen 03 darius 040.jpg","Verloren koninkrijk","Ol.o.bord","60x46","1996","1500"
"schilderijen 03 darius 041.jpg","De schilder en de dynamiek","Ol.o.bord","50x65","1993","1200"
"schilderijen 03 darius 050.jpg","Wanhoop","Ets (ingekleurd)","24x18","1989","325"
"schilderijen 03 darius 053.jpg","de Melancholie of de Wandeling","Ets","9x23","1989","150"
"schilderijen 03 darius 098.jpg","het Slachthuis","Oliekrijt","18x25","1994","200"
"schilderijen 03 darius 108.jpg","Vliegende Hollander","Houtskool","31x22","1994","250"
"schilderijen 03 darius 119.jpg","Naamloos","Ets","2-luik 59,5x39","1993","650"
"schilderijen 03 darius 140.jpg","Naamloos","Potlood","31x22","1994","225"
"schilderijen 03 darius 141.jpg","Op het einde","Potlood","31x22","1994","225"
"schilderijen 03 darius 142.jpg","Verzet tegen val","Potlood","22x31","1994","225"
"schilderijen 03 darius 143.jpg","Archaïsche figuur","Potlood","22x31","1994","225"
"schilderijen 03 darius 144.jpg","Met zichzelf bezig","Houtskool","31x22","1994","225"
"schilderijen 03 darius 145.jpg","Badende","Potlood","22x31","1994","225"
"schilderijen 03 darius 146.jpg","Slapende schoonheid","Potlood","31x22","1994","225"
"schilderijen 03 darius 147.jpg","Ingreske figuur","Potlood","22x31","1994","225"
"schilderijen 03 darius 148.jpg","Verdrietig","Potlood","22x31","1994","225"
"schilderijen 03 darius 149.jpg","Man met sik","Potlood","22x31","1994","225"
"schilderijen 03 darius 150.jpg","Kadaverfiguur","Potlood","31x22","1994","225"
"schilderijen 03 darius 151.jpg","Slachthuis","Potlood","31x22","1994","250"
"schilderijen 03 darius 152.jpg","Hangende","Potlood","31x22","1994","225"
"schilderijen 03 darius 154.jpg","de Helft","Potlood","22x31","1994","200"
"schilderijen 03 darius 155.jpg","Sirene","Potlood","22x31","1994","225"
"schilderijen 03 darius 156.jpg","Sirene II","Potlood","22x31","1994","225"
"schilderijen 04 en schilderijen amsterdam 024.jpg","Achterbuurtkinderen","Ol.o.doek","110x130","1988","5100"
"schilderijen 04 en schilderijen amsterdam 043.jpg","de Droom en de val","Ol.o.lin.","125x110","1995","2400"
"schilderijen 04 en schilderijen amsterdam 050.jpg","Vrouw in het donker","Ol.o.p.","34x42","1995","550"
"schilderijen 04 en schilderijen amsterdam 057.jpg","Model met twee handen op hoofd","Ol.o.p.","24x35","1994","450"
"schilderijen 04 en schilderijen amsterdam 058.jpg","Blauwzwangere","Ol.o.p.","31x22","1992","450"
"schilderijen 04 en schilderijen amsterdam 062.jpg","Man met rechterarm leunend","Oliekrijt","46x57","1996","550"
"01.jpg","Berglandschap Zwitserland","Ol.o.lin.","25x29","1991","700"
"107.jpg","Zeelandschap","Ol.o.bord","14x20","1992","350"
"108.jpg","Stadsdroom","Ol.o.bord","34x38","1992","500"
"129.jpg","Odysseus’ land","Ol.o.bord","14,5x14,5","1994","-1"
"2.jpg","Ottomaanse grafstenen","Ol. en Past. o.doek","111x154","1991","4600"
"213 a.jpg","Golgotha 3-luik (deel 1)","Ol.o.papier","26x35","1993","1200"
"213 b.jpg","Golgotha 3-luik (deel 2)","Ol.o.papier","21x29,5","1993","1200"
"213.jpg","Golgotha 3-luik","Ol.o.papier","26x35 21x29,5 26x35","1993","1200"
"252.jpg","Eenzame accaciaboom in landschap","Aq.","36x51","2000","550"
"253.jpg","Ruig landschap met bomen","Aq.","51x36","2000","600"
"267.jpg","Boomgaardenlandschap","Aq.","51x36","2000","800"
"273.jpg","Landschap","Acryl o.pap.","35x50","1994","450"
"279.jpg","Cypressenlandschap","Aq.","35x50","1995","450"
"30.jpg","Jonge kersenbomen in bloesemtijd","Aq.o.p","36x51","2000","800"
"308.jpg","Berglandschap met rivier","Aq.","35x50","2000","850"
"314.jpg","Impressielandschap langs de IJssel","Ol.o.p.","68x49,5","1999","900"
"324.jpg","Bomenlandschap in de wind","Aq.","35x50","1999","600"
"326.jpg","Landschap","Ol.o.pap.","55x70","1992","900"
"49 I.jpg","Berglandschap","Eigen bloed op p.","25x34","1995","400"
"50.jpg","Man&Zoon landschap met bergen","Eigen bloed o.p.","25x34","1995","450"
"53 I.jpg","Churwalden landschap (Zwitserland)","Bruin krijt o.p.","2-luik 32x24","1991","450"
"53 II.jpg","Churwalden landschap (Zwitserland)","Bruin krijt o.p.","2-luik 32x24","1991","450"
"54 10.jpg","Zwitserse landschappen (diverse stukken)","Aq.o.p.","30x24","1991","350"
"54 6.jpg","Zwitserse landschappen (diverse stukken)","Aq.o.p.","30x24","1991","350"
"54 7.jpg","Zwitserse landschappen (diverse stukken)","Aq.o.p.","30x24","1991","350"
"54 8.jpg","Zwitserse landschappen (diverse stukken)","Aq.o.p.","30x24","1991","350"
"54 9.jpg","Zwitserse landschappen (diverse stukken)","Aq.o.p.","30x24","1991","350"
"54 B.jpg","Zwitserse landschappen (diverse stukken)","Aq.o.p.","24x30","1991","350"
"54 C 2.jpg","Vadus Mittagsspitze","Aq.o.p.","30x24","1991","350"
"54 C 3.jpg","Vadus Mittagsspitze","Aq.o.p.","30x24","1991","350"
"54 C.jpg","Vadus Mittagsspitze","Aq.o.p.","24x30","1991","350"
"54 C4.jpg","Vadus Mittagsspitze","Aq.o.p.","30x24","1991","350"
"54 I.jpg","Churwalden landschap (Zwitserland)","Aq.o.p.","30x24","1991","350"
"54 II.jpg","Churwalden landschap (Zwitserland)","Aq.o.p.","30x24","1991","350"
"54 III.jpg","Churwalden landschap (Zwitserland)","Aq.o.p.","30x24","1991","350"
"54 IIII.jpg","Churwalden landschap (Zwitserland)","Aq.o.p.","30x24","1991","350"
"54 IIIII.jpg","Churwalden landschap (Zwitserland)","Aq.o.p.","30x24","1991","350"
"7.jpg","Het droomhuis","Ol. Op linnen","43,5x43,5","1996","1400"
"schilderijen 01 008.jpg","Vuile was","Ol.o.lin.","130x170","1993","4700"
"schilderijen 01 030.jpg","Ooijs landschap","Ol.o.pap.","54x67","1999","1600"
"schilderijen 01 106.jpg","Onheilspellend luchtlandschap","Aq.","23x29","1992","350"
"schilderijen 01 125.jpg","Landhuis","Ol.o.p.","21x29","1991","450"
"schilderijen 02 039.jpg","Eikenboom in de nacht","Ol.o.lin.","30x40","1994","900"
"schilderijen 02 045.jpg","Aan de IJssel","Ol.o.p.","64x75","1999","900"
"schilderijen 02 058.jpg","Paranoialandschap / Man en zoon","Ol.o.doek","80x100","1987","1800"
"schilderijen 02 085.jpg","Bomen in  de najaarsnacht","Ol.o.lin.","45x45","1996","1400"
"schilderijen 03 darius 047.jpg","Sneeuwlandschap met warme lucht","Aq.","24x15,5","1994","-1"
"paardenbeelden 001.jpg","Merrie","Brons","± 30x14x45 (hxbxl)","1997","2400"
"paardenbeelden 003.jpg","Merrie","Brons","± 30x14x45 (hxbxl)","1997","2400"
"paardenbeelden 004.jpg","Hengst","Brons","± 30x14x45 (hxbxl)","1997","2400"
"paardenbeelden 005.jpg","Hengst","Brons","± 30x14x45 (hxbxl)","1997","2400"
"paardenbeelden 006.jpg","Robina","Brons","± 30x14x45 (hxbxl)","1997","2200"
"paardenbeelden 007.jpg","Robina","Brons","± 30x14x45 (hxbxl)","1997","2200"
"paardenbeelden 008.jpg","Veulen","Brons","± 20x10x28 (hxbxl)","1998","1500"
"paardenbeelden 010.jpg","Veulen","Brons","± 20x10x28 (hxbxl)","1998","1500"
"paardenbeelden 011.jpg","Veulen","Brons","± 20x10x28 (hxbxl)","1998","1500"
"paardenbeelden 013.jpg","Raksh","Brons","± 30x14x45 (hxbxl)","1999","2700"
"paardenbeelden 014.jpg","Raksh","Brons","± 30x14x45 (hxbxl)","1999","2700"
"paardenbeelden 015.jpg","Raksh","Brons","± 30x14x45 (hxbxl)","1999","2700"
"paardenbeelden 017.jpg","Raksh","Brons","± 30x14x45 (hxbxl)","1999","2700"
"paardenbeelden 018.jpg","Merrie","Brons","± 30x14x45 (hxbxl)","1997","2500"
"paardenbeelden 019.jpg","Merrie","Brons","± 30x14x45 (hxbxl)","1997","2500"
"paardenbeelden 021.jpg","Hengst","Brons","± 30x14x45 (hxbxl)","1999","2600"
"paardenbeelden 022.jpg","Hengst","Brons","± 30x14x45 (hxbxl)","1999","2600"
"paardenbeelden 023.jpg","Hengst","Brons","± 30x14x45 (hxbxl)","1999","2600"
"paardenbeelden 024.jpg","Hengst","Brons","± 30x14x45 (hxbxl)","1999","2600"
"paardenbeelden 025.jpg","Veulen","Brons","± 20x10x28 (hxbxl)","1995","1350"
"paardenbeelden 026.jpg","Veulen","Brons","± 20x10x28 (hxbxl)","1995","1350"
"paardenbeelden 027.jpg","Veulen","Brons","± 20x10x28 (hxbxl)","1995","1350"
"paardenbeelden 028.jpg","Veulen","Brons","± 20x10x28 (hxbxl)","1995","1350"
"paardenbeelden 029.jpg","Veulen","Brons","± 20x10x28 (hxbxl)","1995","1350"
"paardenbeelden 030.jpg","Hengst","Brons","± 30x14x45 (hxbxl)","1998","2600"
"paardenbeelden 033.jpg","Merrie","Brons","± 30x14x45 (hxbxl)","1997","2200"
"paardenbeelden 034.jpg","Hengst","Brons","± 30x14x45 (hxbxl)","1998","2400"
"paardenbeelden 035.jpg","Hengst","Brons","± 30x14x45 (hxbxl)","1998","2400"
"paardenbeelden 036.jpg","Hengst","Brons","± 30x14x45 (hxbxl)","1998","2400"
"paardenbeelden 037.jpg","Merrie","Brons","± 30x14x45 (hxbxl)","1997","2400"
"paardenbeelden 038.jpg","Merrie","Brons","± 30x14x45 (hxbxl)","1997","2400"
"paardenbeelden 039.jpg","Merrie","Brons","± 30x14x45 (hxbxl)","1997","2400"
"paardenbeelden 040.jpg","Hengst","Brons","± 30x14x45 (hxbxl)","1998","2400"
"paardenbeelden 041.jpg","Hengst","Brons","± 30x14x45 (hxbxl)","1998","2400"
"paardenbeelden 042.jpg","Koppel","Brons","2x ± 30x14x45 (hxbxl)","1997","4900"
"paardenbeelden 043.jpg","Koppel","Brons","2x ± 30x14x45 (hxbxl)","1997","4900"
"paardenbeelden 044.jpg","Merrie","Brons","± 30x14x45 (hxbxl)","1995","2200"
"paardenbeelden 045.jpg","Merrie","Brons","± 30x14x45 (hxbxl)","1995","2200"
"paardenbeelden 046.jpg","Merrie","Brons","± 30x14x45 (hxbxl)","1996","2300"
"paardenbeelden 047.jpg","Merrie","Brons","± 30x14x45 (hxbxl)","1996","2300"
"paardenbeelden 048.jpg","Hengst","Brons","± 30x14x45 (hxbxl)","1998","2400"
"paardenbeelden 049.jpg","Hengst","Brons","± 30x14x45 (hxbxl)","1998","2400"
"paardenbeelden 050.jpg","Hengst","Brons","± 30x14x45 (hxbxl)","1999","2500"
"paardenbeelden 051.jpg","Hengst","Brons","± 30x14x45 (hxbxl)","1999","2500"
"paardenbeelden 052.jpg","Sleepner","Brons","± 30x14x45 (hxbxl)","1999","2500"
"paardenbeelden 053.jpg","Sleepner","Brons","± 30x14x45 (hxbxl)","1999","2500"
"paardenbeelden 055.jpg","Hengst","Brons","± 30x14x45 (hxbxl)","1999","2400"
"paardenbeelden 056.jpg","Hengst","Brons","± 30x14x45 (hxbxl)","1999","2400"
"paardenbeelden 057.jpg","Hengst","Brons","± 30x14x45 (hxbxl)","1999","2500"
"paardenbeelden 058.jpg","Hengst","Brons","± 30x14x45 (hxbxl)","1999","2500"
"paardenbeelden 059.jpg","Hengst","Brons","± 30x14x45 (hxbxl)","1999","2500"
"paardenbeelden 060.jpg","Hengst","Brons","± 30x14x45 (hxbxl)","1999","2500"
"paardenbeelden 061.jpg","Merrie","Brons","± 30x14x45 (hxbxl)","1996","2200"
"paardenbeelden 062.jpg","Merrie","Brons","± 30x14x45 (hxbxl)","1996","2200"
"paardenbeelden 063.jpg","Merrie","Brons","± 30x14x45 (hxbxl)","1996","2200"
"paardenbeelden 065.jpg","Merrie","Brons","± 30x14x45 (hxbxl)","1997","2200"
"paardenbeelden 066.jpg","Merrie","Brons","± 30x14x45 (hxbxl)","1997","2200"
"paardenbeelden 067.jpg","Hengst","Brons","± 30x14x45 (hxbxl)","1999","2400"
"paardenbeelden 068.jpg","Hengst","Brons","± 30x14x45 (hxbxl)","1999","2400"
"paardenbeelden 070.jpg","Merrie","Brons","± 30x14x45 (hxbxl)","1996","2200"
"paardenbeelden 071.jpg","Merrie","Brons","± 30x14x45 (hxbxl)","1996","2300"
"paardenbeelden 072.jpg","Merrie","Brons","± 30x14x45 (hxbxl)","1996","2300"
"paardenbeelden 073.jpg","Merrie","Brons","± 30x14x45 (hxbxl)","1996","2400"
"paardenbeelden 074.jpg","Merrie","Brons","± 30x14x45 (hxbxl)","1996","2400"
"paardenbeelden 075.jpg","Hengst","Brons","± 30x14x45 (hxbxl)","1999","2500"
"paardenbeelden 076.jpg","Hengst","Brons","± 30x14x45 (hxbxl)","1999","2500"
"paardenbeelden 077.jpg","Hengst","Brons","± 30x14x45 (hxbxl)","1999","2400"
"paardenbeelden 078.jpg","Hengst","Brons","± 30x14x45 (hxbxl)","1999","2400"
"paardenbeelden 079.jpg","Hengst","Brons","± 30x14x45 (hxbxl)","1999","2400"
"paardenbeelden 080.jpg","Hengst","Brons","± 30x14x45 (hxbxl)","1999","2400"
"paardenbeelden 081.jpg","Hengst","Brons","± 30x14x45 (hxbxl)","1999","2400"
"paardenbeelden 082.jpg","Hengst","Brons","± 30x14x45 (hxbxl)","1999","2400"
"paardenbeelden 084.jpg","Branco","Brons","± 30x14x45 (hxbxl)","1999","2500"
"paardenbeelden 085.jpg","Branco","Brons","± 30x14x45 (hxbxl)","1999","2500"
"paardenbeelden 087.jpg","Hengst","Brons","± 30x14x45 (hxbxl)","1998","2400"
"paardenbeelden 088.jpg","Hengst","Brons","± 30x14x45 (hxbxl)","1998","2400"
"paardenbeelden 089.jpg","Hengst","Brons","± 30x14x45 (hxbxl)","2000","2500"
"paardenbeelden 090.jpg","Hengst","Brons","± 30x14x45 (hxbxl)","2000","2500"
"paardenbeelden 091.jpg","Hengst","Brons","± 30x14x45 (hxbxl)","2000","2500"
"paardenbeelden 092.jpg","Merrie","Brons","± 30x14x45 (hxbxl)","1996","2200"
"paardenbeelden 093.jpg","Merrie","Brons","± 30x14x45 (hxbxl)","1996","2200"
"paardenbeelden 094.jpg","Merrie","Brons","± 30x14x45 (hxbxl)","1996","2300"
"paardenbeelden 095.jpg","Merrie","Brons","± 30x14x45 (hxbxl)","1996","2300"
"paardenbeelden 096.jpg","Merrie","Brons","± 30x14x45 (hxbxl)","1997","2500"
"paardenbeelden 097.jpg","Merrie","Brons","± 30x14x45 (hxbxl)","1997","2500"
"paardenbeelden 098.jpg","Merrie","Brons","± 30x14x45 (hxbxl)","1999","2400"
"paardenbeelden 099.jpg","Merrie","Brons","± 30x14x45 (hxbxl)","1999","2400"
"paardenbeelden 100.jpg","Merrie","Brons","± 30x14x45 (hxbxl)","1996","2300"
"paardenbeelden 101.jpg","Merrie","Brons","± 30x14x45 (hxbxl)","1996","2300"
"paardenbeelden 102.jpg","Merrie","Brons","± 30x14x45 (hxbxl)","1996","2300"
"paardenbeelden 103.jpg","Merrie","Brons","± 30x14x45 (hxbxl)","1996","2300"
"paardenbeelden 104.jpg","Merrie","Brons","± 30x14x45 (hxbxl)","1996","2300"
"paardenbeelden 105.jpg","Merrie","Brons","± 30x14x45 (hxbxl)","1996","2300"
"paardenbeelden 106.jpg","Hengst","Brons","± 30x14x45 (hxbxl)","1994","2200"
"paardenbeelden 107.jpg","Hengst","Brons","± 30x14x45 (hxbxl)","1994","2200"
"paardenbeelden 108.jpg","Hengst","Brons","± 30x14x45 (hxbxl)","1995","2400"
"paardenbeelden 109.jpg","Hengst","Brons","± 30x14x45 (hxbxl)","1995","2400"
"paardenbeelden 110.jpg","Merrie","Brons","± 30x14x45 (hxbxl)","1995","2300"
"paardenbeelden 112.jpg","Hengst","Brons","± 30x14x45 (hxbxl)","1998","2500"
"paardenbeelden 113.jpg","Hengst","Brons","± 30x14x45 (hxbxl)","1998","2500"
"paardenbeelden 114.jpg","Hengst","Brons","± 30x14x45 (hxbxl)","1998","2500"
"paardenbeelden 116.jpg","Hengst","Brons","± 30x14x45 (hxbxl)","1998","2500"
"paardenbeelden 117.jpg","Hengst","Brons","± 30x14x45 (hxbxl)","1995","2300"
"paardenbeelden 118.jpg","Hengst","Brons","± 30x14x45 (hxbxl)","1995","2300"
"paardenbeelden 119.jpg","Merrie","Brons","± 30x14x45 (hxbxl)","1996","2200"
"paardenbeelden 120.jpg","Merrie","Brons","± 30x14x45 (hxbxl)","1996","2200"
"paardenbeelden 121.jpg","Merrie","Brons","± 30x14x45 (hxbxl)","1997","2300"
"paardenbeelden 123.jpg","Merrie","Brons","± 30x14x45 (hxbxl)","1998","2200"
"paardenbeelden 124.jpg","Merrie","Brons","± 30x14x45 (hxbxl)","1998","2200"
"paardenbeelden 125.jpg","Merrie","Brons","± 30x14x45 (hxbxl)","1998","2200"
"paardenbeelden 126.jpg","Hengst","Brons","± 30x14x45 (hxbxl)","2000","2500"
"paardenbeelden 127.jpg","Hengst","Brons","± 30x14x45 (hxbxl)","2000","2500"
"paardenbeelden 128.jpg","Hengst","Brons","± 30x14x45 (hxbxl)","2000","2500"
"paardenbeelden 260.jpg","Hengst","Brons","± 30x14x45 (hxbxl)","2000","2500"
"paardenbeelden 129.jpg","Merrie","Brons","± 30x14x45 (hxbxl)","1994","2100"
"paardenbeelden 130.jpg","Merrie","Brons","± 30x14x45 (hxbxl)","1994","2100"
"paardenbeelden 131.jpg","Merrie","Brons","± 30x14x45 (hxbxl)","1998","2200"
"paardenbeelden 132.jpg","Merrie","Brons","± 30x14x45 (hxbxl)","1998","2200"
"paardenbeelden 133.jpg","Hengst","Brons","± 30x14x45 (hxbxl)","2000","2500"
"paardenbeelden 134.jpg","Hengst","Brons","± 30x14x45 (hxbxl)","2000","2500"
"paardenbeelden 136.jpg","Hengst","Brons","± 30x14x45 (hxbxl)","2000","2500"
"paardenbeelden 137.jpg","Hengst","Brons","± 30x14x45 (hxbxl)","2000","2500"
"paardenbeelden 138.jpg","Merrie","Brons","± 30x14x45 (hxbxl)","1996","2200"
"paardenbeelden 139.jpg","Merrie","Brons","± 30x14x45 (hxbxl)","1996","2200"
"paardenbeelden 140.jpg","Merrie","Brons","± 30x14x45 (hxbxl)","1997","2200"
"paardenbeelden 141.jpg","Merrie","Brons","± 30x14x45 (hxbxl)","1997","2200"
"paardenbeelden 143.jpg","Merrie","Brons","± 30x14x45 (hxbxl)","1997","2200"
"paardenbeelden 144.jpg","Merrie","Brons","± 30x14x45 (hxbxl)","1997","2200"
"paardenbeelden 145.jpg","Merrie","Brons","± 30x14x45 (hxbxl)","1999","2300"
"paardenbeelden 146.jpg","Merrie","Brons","± 30x14x45 (hxbxl)","1999","2300"
"paardenbeelden 147.jpg","Hengst","Brons","± 30x14x45 (hxbxl)","1998","2500"
"paardenbeelden 148.jpg","Hengst","Brons","± 30x14x45 (hxbxl)","1998","2500"
"paardenbeelden 149.jpg","Hengst","Brons","± 30x14x45 (hxbxl)","1998","2500"
"paardenbeelden 150.jpg","Hengst","Brons","± 30x14x45 (hxbxl)","2000","2500"
"paardenbeelden 151.jpg","Hengst","Brons","± 30x14x45 (hxbxl)","2000","2500"
"paardenbeelden 152.jpg","Hengst","Brons","± 30x14x45 (hxbxl)","2000","2500"
"paardenbeelden 154.jpg","Hengst","Brons","± 30x14x45 (hxbxl)","1999","2500"
"paardenbeelden 155.jpg","Hengst","Brons","± 30x14x45 (hxbxl)","1999","2500"
"paardenbeelden 156.jpg","Merrie","Brons","± 30x14x45 (hxbxl)","1997","2300"
"paardenbeelden 157.jpg","Merrie","Brons","± 30x14x45 (hxbxl)","1997","2300"
"paardenbeelden 158.jpg","Merrie","Brons","± 30x14x45 (hxbxl)","1997","2300"
"paardenbeelden 159.jpg","Merrie","Brons","± 30x14x45 (hxbxl)","1997","2300"
"paardenbeelden 160.jpg","Hengst","Brons","± 30x14x45 (hxbxl)","1998","2500"
"paardenbeelden 161.jpg","Hengst","Brons","± 30x14x45 (hxbxl)","1998","2500"
"paardenbeelden 162.jpg","Merrie","Brons","± 30x14x45 (hxbxl)","1998","2300"
"paardenbeelden 163.jpg","Merrie","Brons","± 30x14x45 (hxbxl)","1998","2300"
"paardenbeelden 164.jpg","Merrie","Brons","± 30x14x45 (hxbxl)","1998","2500"
"paardenbeelden 165.jpg","Merrie","Brons","± 30x14x45 (hxbxl)","1998","2500"
"paardenbeelden 166.jpg","Merrie","Brons","± 30x14x45 (hxbxl)","1998","2500"
"paardenbeelden 167.jpg","Hengst","Brons","± 30x14x45 (hxbxl)","1999","2400"
"paardenbeelden 168.jpg","Hengst","Brons","± 30x14x45 (hxbxl)","1999","2400"
"paardenbeelden 169.jpg","Merrie","Brons","± 30x14x45 (hxbxl)","1999","2400"
"paardenbeelden 170.jpg","Merrie","Brons","± 30x14x45 (hxbxl)","1999","2400"
"paardenbeelden 171.jpg","Veulen","Brons","± 20x10x28 (hxbxl)","2000","1500"
"paardenbeelden 172.jpg","Veulen","Brons","± 20x10x28 (hxbxl)","2000","1500"
"paardenbeelden 173.jpg","Veulen","Brons","± 20x10x28 (hxbxl)","2000","1500"
"paardenbeelden 174.jpg","Veulen","Brons","± 20x10x28 (hxbxl)","2000","1500"
"paardenbeelden 175.jpg","Veulen","Brons","± 20x10x28 (hxbxl)","2000","1500"
"paardenbeelden 176.jpg","Veulen","Brons","± 20x10x28 (hxbxl)","2000","1500"
"paardenbeelden 177.jpg","Veulen","Brons","± 20x10x28 (hxbxl)","2000","1350"
"paardenbeelden 178.jpg","Veulen","Brons","± 20x10x28 (hxbxl)","2000","1350"
"paardenbeelden 179.jpg","Veulen","Brons","± 20x10x28 (hxbxl)","2000","1350"
"paardenbeelden 180.jpg","Veulen","Brons","± 20x10x28 (hxbxl)","2001","1500"
"paardenbeelden 181.jpg","Veulen","Brons","± 20x10x28 (hxbxl)","2001","1500"
"paardenbeelden 182.jpg","Veulen","Brons","± 20x10x28 (hxbxl)","1999","1250"
"paardenbeelden 183.jpg","Veulen","Brons","± 20x10x28 (hxbxl)","1999","1250"
"paardenbeelden 184.jpg","Veulen","Brons","± 20x10x28 (hxbxl)","2000","1600"
"paardenbeelden 185.jpg","Veulen","Brons","± 20x10x28 (hxbxl)","2000","1600"
"paardenbeelden 186.jpg","Veulen","Brons","± 20x10x28 (hxbxl)","2000","1600"
"paardenbeelden 187.jpg","Veulen","Brons","± 20x10x28 (hxbxl)","2000","1500"
"paardenbeelden 188.jpg","Veulen","Brons","± 20x10x28 (hxbxl)","2000","1500"
"paardenbeelden 189.jpg","Veulen","Brons","± 20x10x28 (hxbxl)","2000","1500"
"paardenbeelden 190.jpg","Veulen","Brons","± 20x10x28 (hxbxl)","2001","1600"
"paardenbeelden 191.jpg","Veulen","Brons","± 20x10x28 (hxbxl)","2001","1600"
"paardenbeelden 192.jpg","Veulen","Brons","± 20x10x28 (hxbxl)","2001","1600"
"paardenbeelden 193.jpg","Veulen","Brons","± 20x10x28 (hxbxl)","2001","1600"
"paardenbeelden 194.jpg","Veulen","Brons","± 20x10x28 (hxbxl)","2000","1400"
"paardenbeelden 195.jpg","Veulen","Brons","± 20x10x28 (hxbxl)","2000","1400"
"paardenbeelden 196.jpg","Veulen","Brons","± 20x10x28 (hxbxl)","2000","1400"
"paardenbeelden 197.jpg","Veulen","Brons","± 20x10x28 (hxbxl)","2000","1400"
"paardenbeelden 198.jpg","Veulen","Brons","± 20x10x28 (hxbxl)","1999","1800"
"paardenbeelden 199.jpg","Veulen","Brons","± 20x10x28 (hxbxl)","1999","1800"
"paardenbeelden 200.jpg","Veulen","Brons","± 20x10x28 (hxbxl)","1999","1800"
"paardenbeelden 201.jpg","Veulen","Brons","± 20x10x28 (hxbxl)","1999","1800"
"paardenbeelden 202.jpg","Veulen","Brons","± 20x10x28 (hxbxl)","2000","1500"
"paardenbeelden 203.jpg","Veulen","Brons","± 20x10x28 (hxbxl)","2000","1500"
"paardenbeelden 204.jpg","Veulen","Brons","± 20x10x28 (hxbxl)","1999","1400"
"paardenbeelden 205.jpg","Veulen","Brons","± 20x10x28 (hxbxl)","1999","1400"
"paardenbeelden 207.jpg","Hengst","Brons","± 30x14x45 (hxbxl)","1999","2600"
"paardenbeelden 208.jpg","Hengst","Brons","± 30x14x45 (hxbxl)","1999","2600"
"paardenbeelden 209.jpg","Hengst","Brons","± 30x14x45 (hxbxl)","1999","2600"
"paardenbeelden 210.jpg","Hengst","Brons","± 30x14x45 (hxbxl)","2000","2600"
"paardenbeelden 211.jpg","Hengst","Brons","± 30x14x45 (hxbxl)","2000","2600"
"paardenbeelden 212.jpg","Hengst","Brons","± 30x14x45 (hxbxl)","2000","2600"
"paardenbeelden 213.jpg","Merrie","Brons","± 30x14x45 (hxbxl)","1998","2500"
"paardenbeelden 214.jpg","Merrie","Brons","± 30x14x45 (hxbxl)","1998","2500"
"paardenbeelden 215.jpg","Merrie","Brons","± 30x14x45 (hxbxl)","1998","2500"
"paardenbeelden 216.jpg","Hengst","Brons","± 30x14x45 (hxbxl)","1997","2500"
"paardenbeelden 217.jpg","Hengst","Brons","± 30x14x45 (hxbxl)","1997","2500"
"paardenbeelden 218.jpg","Hengst","Brons","± 30x14x45 (hxbxl)","1995","2400"
"paardenbeelden 219.jpg","Hengst","Brons","± 30x14x45 (hxbxl)","1995","2400"
"paardenbeelden 220.jpg","Merrie","Brons","± 30x14x45 (hxbxl)","2000","2500"
"paardenbeelden 221.jpg","Merrie","Brons","± 30x14x45 (hxbxl)","2000","2500"
"paardenbeelden 222.jpg","Merrie","Brons","± 30x14x45 (hxbxl)","2000","2500"
"paardenbeelden 224.jpg","Merrie","Brons","± 30x14x45 (hxbxl)","2000","2500"
"paardenbeelden 225.jpg","Merrie","Brons","± 30x14x45 (hxbxl)","2000","2500"
"paardenbeelden 226.jpg","Merrie","Brons","± 30x14x45 (hxbxl)","2000","2500"
"paardenbeelden 227.jpg","Merrie","Brons","± 30x14x45 (hxbxl)","2000","2500"
"paardenbeelden 228.jpg","Hengst","Brons","± 30x14x45 (hxbxl)","1995","2400"
"paardenbeelden 229.jpg","Hengst","Brons","± 30x14x45 (hxbxl)","1995","2400"
"paardenbeelden 230.jpg","Hengst","Brons","± 30x14x45 (hxbxl)","1995","2400"
"paardenbeelden 232.jpg","Merrie","Brons","± 30x14x45 (hxbxl)","1994","2500"
"paardenbeelden 233.jpg","Merrie","Brons","± 30x14x45 (hxbxl)","1994","2500"
"paardenbeelden 234.jpg","Hengst","Brons","± 30x14x45 (hxbxl)","1999","2400"
"paardenbeelden 235.jpg","Hengst","Brons","± 30x14x45 (hxbxl)","1999","2400"
"paardenbeelden 236.jpg","Hengst","Brons","± 30x14x45 (hxbxl)","1995","2400"
"paardenbeelden 238.jpg","Hengst","Brons","± 30x14x45 (hxbxl)","1998","2500"
"paardenbeelden 239.jpg","Hengst","Brons","± 30x14x45 (hxbxl)","1998","2500"
"paardenbeelden 240.jpg","Hengst","Brons","± 30x14x45 (hxbxl)","1998","2500"
"paardenbeelden 241.jpg","Merrie","Brons","± 30x14x45 (hxbxl)","2000","2400"
"paardenbeelden 242.jpg","Merrie","Brons","± 30x14x45 (hxbxl)","2000","2400"
"paardenbeelden 244.jpg","Hengst","Brons","± 30x14x45 (hxbxl)","1996","2300"
"paardenbeelden 245.jpg","Merrie","Brons","± 30x14x45 (hxbxl)","1999","2400"
"paardenbeelden 246.jpg","Merrie","Brons","± 30x14x45 (hxbxl)","1999","2400"
"paardenbeelden 247.jpg","Hengst","Brons","± 30x14x45 (hxbxl)","1998","2500"
"paardenbeelden 248.jpg","Hengst","Brons","± 30x14x45 (hxbxl)","1998","2500"
"paardenbeelden 249.jpg","Hengst","Brons","± 30x14x45 (hxbxl)","1997","2400"
"paardenbeelden 250.jpg","Hengst","Brons","± 30x14x45 (hxbxl)","1997","2400"
"paardenbeelden 251.jpg","N","N","N","N","0"
"paardenbeelden 252.jpg","N","N","N","N","0"
"paardenbeelden 253.jpg","N","N","N","N","0"
"paardenbeelden 254.jpg","Hengst","Brons","± 30x14x45 (hxbxl)","2000","2400"
"paardenbeelden 255.jpg","Merrie","Brons","± 30x14x45 (hxbxl)","1999","2400"
"paardenbeelden 256.jpg","Merrie","Brons","± 30x14x45 (hxbxl)","1999","2400"
"paardenbeelden 257.jpg","Merrie","Brons","± 30x14x45 (hxbxl)","1999","2400"
"paardenbeelden 258.jpg","Merrie","Brons","± 30x14x45 (hxbxl)","1999","2400"
"paardenbeelden 259.jpg","Merrie","Brons","± 30x14x45 (hxbxl)","1999","2400"
"114.jpg","Paarden met rood paard op de achtergrond","Ol.o.bord","25x30,5","1994","850"
"115.jpg","Naar Foto Finish","Ol.o.bord","25x30,5","1995","850"
"167_2.jpg","Paard / Vrouw / Business (compositie)","Ol.o.krantenpapier","83x57","1991","1150"
"20.jpg","Vechtende paarden","Olieverf op papier","65x50","1992","1200"
"21.jpg","Rode droom van blauw paard II","Ol.o.p.","76x56","1994","1300"
"217.jpg","Fotofinish","Ets","16x24,5","1989","300"
"263.jpg","Werkpaarden","Aq.","43x30","1999","450"
"266.jpg","Dalend paard","Ol.o.p.","32x24","1992","550"
"269.jpg","Hoef krabbend paard","Ol.o.p.","76x56","1998","1400"
"274_2.jpg","Struikelend paard","Ol.o.p.","40x38","1995","550"
"276.jpg","Paarden in perspectief (met parende paardenachtergrond)","Olieverf op papier","65,5x48","1993","1200"
"278.jpg","Hinnikende","Ol.o.p.","56x76","1995","1350"
"282.jpg","Leed / Wil (paard met rode manen en staart)","Ol.o.p.","102,5x75","1994","1700"
"284.jpg","de Hinnikende","Gem.techn. ol.o.p.","65x100","1990","-1"
"287.jpg","Knielend rood paard met witte bles","Ol.o.p.","102,5x75","1994","1600"
"288.jpg","Beenkrabbend rood paard","Ol.o.p.","102,5x75","1995","1700"
"289.jpg","Blauw paard met linkerbeen omhoog","Olieverf op papier","65,5x48","1993","1100"
"292.jpg","Eenzaam paard","Olieverf op papier","65,5x48","1993","1100"
"293.jpg","Rood paard boven Nijmeegs landschap zwevend","Ol.o.p.","65,5x48","1993","1200"
"295.jpg","Springerig groen paard","Ol.o.p.","68x50","1994","1300"
"297.jpg","Strijdenden","Ol.o.p.","65x48","1991","1300"
"298.jpg","Vermoeid paard","Ol.o.p.","65x48","1991","1200"
"299.jpg","Circuspaard","Ol.o.p.","65x48","1991","1200"
"300.jpg","Paarden in de nacht","Ol.o.pap","65,5x48","1994","1250"
"301 II.jpg","Dansende","Ol.o.pap","65,5x48","1994","1250"
"301.jpg","Buigend paard","Ol.o.p.","65x48","1991","1300"
"302.jpg","Paardenkudde","Ol.o.p.","65x50","1992","1350"
"303.jpg","Los uit de sokkel","Ol.o.p.","65,5x48","1994","1150"
"304.jpg","Studie naar schrikkend paard","Ol.o.p.","56,5x48","1991","1200"
"312.jpg","Ontdekking geel paard in de nacht","Ol.o.p.","68x50","1991","1200"
"39.jpg","Sombere terugblik","Ol.o.p.","68x50","1991","1200"
"42.jpg","Ritmisch paard","Ol.o.p","76x56","1994","1450"
"43.jpg","Trotse hengst","Ol.o.p.","65,5x48","1991","1300"
"44.jpg","Schoppend paard","Oliekrijt op papier","36x27","1991","-1"
"52.jpg","Groen paard","Aq.o.p.","29x21","1993","275"
"87.jpg","Paard op zichzelf","Ol.o.p.bev.o.lin","39,5x39,5","1994","1000"
"91.jpg","Hinnikende zwarte hengst op gele achtergrond","Ol.o.doek","40x30","1995","850"
"93.jpg","Paarse paarden","Ol.o.bord","31x29,5","1994","950"
"94.jpg","Paard in stal","Ol.o.doek","31x28","1992","750"
"99.jpg","Paard met slang","Ol.o.lin.","22,5x18,5","1993","750"
"paarden schilderijen 004.jpg","Vallend paard","Ol.o.p.","76x56","1996","1300"
"paarden schilderijen 005.jpg","Buigend paard (roodgele achtergrond)","Olieverf/kleurenpotlood o.p.","100,5x65","1993","1450"
"paarden schilderijen 007.jpg","De galloperende blauwe (paarden serie)","Ol.o.p.","32x24","1991","450"
"paarden schilderijen 008.jpg","Liefdesgevecht (paarden serie)","Ol.o.p.","32x24","1991","550"
"paarden schilderijen 009.jpg","Galop (paarden serie)","Ol.o.p.","32x24","1991","-1"
"paarden schilderijen 010.jpg","Veulen (paarden serie)","Ol.o.p.","32x24","1991","450"
"paarden schilderijen 011.jpg","De kreupele","Ol.o.p.","42x34","1993","800"
"paarden schilderijen 012.jpg","Paard en gevallen ruiter (paarden serie)","Ol.o.p.","32x24","1991","500"
"paarden schilderijen 013.jpg","Zelfportret als Oosterse ruiter voor Nijmegen / de zuchtende Moor","Aq.","32x24","1990","550"
"paarden schilderijen 016.jpg","Onwillige merrie (paarden serie)","Ol.o.p.","32x24","1991","500"
"paarden schilderijen 017.jpg","Rennend paard (paarden serie)","Ol.o.p.","32x24","1991","450"
"paarden schilderijen 018.jpg","Contrastpaarden (paarden serie)","Ol.o.p.","32x24","1991","-1"
"paarden schilderijen 020.jpg","Paard voor zee (paarden serie)","Ol.o.p.","32x24","1991","500"
"paarden schilderijen 021.jpg","Groene galloperende (paarden serie)","Ol.o.p.","32x24","1991","450"
"paarden schilderijen 022.jpg","Been krabbende (paarden serie)","Ol.o.p.","32x24","1991","400"
"paarden schilderijen 023.jpg","Stijgende (paarden serie)","Ol.o.p.","32x24","1991","400"
"paarden schilderijen 024.jpg","Steigerende (paarden serie)","Ol.o.p.","32x24","1991","400"
"paarden schilderijen 025.jpg","Grond rakende (paarden serie)","Ol.o.p.","32x24","1991","500"
"paarden schilderijen 026.jpg","Rechterbeen omhoog (paarden serie)","Ol.o.p.","32x24","1991","450"
"paarden schilderijen 027.jpg","Rood galloperende in de nacht (paarden serie)","Ol.o.p.","32x24","1991","500"
"paarden schilderijen 028.jpg","Angstig geel paard (paarden serie)","Ol.o.p.","32x24","1991","450"
"paarden schilderijen 029.jpg","Trots lopende (paarden serie)","Ol.o.p.","36x27","1991","500"
"paarden schilderijen 030.jpg","Paarden aan zee (paarden serie)","Ol.o.p.","32x24","1991","500"
"paarden schilderijen 031.jpg","Paard van Don Quichotte (paarden serie)","Ol.o.p.","32x24","1991","450"
"paarden schilderijen 032.jpg","Slapend paard (paarden serie)","Ol.o.p.","32x24","1991","450"
"paarden schilderijen 033.jpg","Opstaande (paarden serie)","Ol.o.p.","32x24","1991","450"
"paarden schilderijen 034.jpg","Schrobbende (paarden serie)","Ol.o.p.","32x24","1991","450"
"paarden schilderijen 035.jpg","Grijs paard (paarden serie)","Ol.o.p.","32x24","1991","400"
"paarden schilderijen 036.jpg","Springpaard (paarden serie)","Ol.o.p.","32x24","1991","450"
"paarden schilderijen 037.jpg","Aandachtig paard (paarden serie)","Ol.o.p.","32x24","1991","450"
"paarden schilderijen 038.jpg","Knielende blauwe (paarden serie)","Ol.o.p.","32x24","1991","450"
"paarden schilderijen 040.jpg","Naar het voer toe (paarden serie)","Ol.o.p.","32x24","1991","450"
"paarden schilderijen 041.jpg","Likkende (paarden serie)","Ol.o.p.","32x24","1991","450"
"paarden schilderijen 042.jpg","Krabbende (paarden serie)","Ol.o.p.","32x24","1991","400"
"paarden schilderijen 043.jpg","Masturbator (paarden serie)","Ol.o.p.","32x24","1991","450"
"paarden schilderijen 053.jpg","Hinnekend paard (boven Nijmegen)","Ol.o.p.","65x50","1991","1350"
"paarden schilderijen 054.jpg","Schoppend paard","Ol.o.p.","65x48","1991","-1"
"paarden schilderijen 059.jpg","Triest paard","Acryl/olieverf.o.p.","65x48","1991","1150"
"paarden schilderijen 069.jpg","Verzorgende paarden","Ol.o.p.","65x48","1991","1200"
"paarden schilderijen 072.jpg","Neerzijgende","Ol.o.p.","65x50","1993","1250"
"paarden schilderijen 073.jpg","Knielend groenpaars paard","Ol.o.p.","65x50","1992","1200"
"paarden schilderijen 080.jpg","Ritmisch rood paard","Ol.o.p.","50x65","1994","1050"
"paarden schilderijen 081.jpg","Schriksprong","Ol.o.p.","50x65","1994","1050"
"paarden schilderijen 014.jpg","Speelse verlegenheid","Bruinkrijt o.p.","32x24","1995","-1"
"paarden schilderijen 015.jpg","Speelse verlegenheid","Bruinkrijt o.p.","32x24","1995","-1"
"paarden schilderijen 094.jpg","Enthousiaste hengst","Potloodtekening","21x29,5","1993","300"
"paarden schilderijen 096.jpg","Ritmisch paard (tek. naar Leonardo)","Potl.tek.o.p.","35x50","1986","350"
"paarden schilderijen 097.jpg","Dromen","Ets (ingekleurd)","24,5x16","1989","350"
"paarden schilderijen 098.jpg","Fotofinish","Ets (ingekleurd)","16x24,5","1989","350"
"paarden schilderijen 099.jpg","Paard in stal","Oliekrijt o.p.","36x27","1994","300"
"paarden schilderijen 109.jpg","Oud paard","Potloodtekening","21x29,5","1993","275"
"paarden schilderijen 110.jpg","Drachtig paard","Potloodtekening","29,5x21","1993","275"
"paarden schilderijen 111.jpg","Rustend paard","Potloodtekening","29,5x21","1993","275"
"schilderijen 01 057.jpg","Ritmische richtingen","Ol.o.p.","50x65","1994","1150"
"schilderijen 03 darius 056.jpg","Bevel aan paarden","Ets","32x24","1993","300"
"schilderijen 03 darius 073.jpg","Dromen","Ets","24,5x16","1989","270"
"schilderijen 03 darius 157.jpg","Schuine horizon","Potloodtekening","29,5x21","1992","250"
"schilderijen 04 en schilderijen amsterdam 002.jpg","Fotofinish (tweeluik)","Ol.o.bord","2x 81x62","1996","2800"
"schilderijen 04 en schilderijen amsterdam 003.jpg","Fotofinish (tweeluik)","Ol.o.bord","2x 81x62","1996","2800"
"schilderijen 04 en schilderijen amsterdam 004.jpg","Fotofinish (tweeluik)","Ol.o.bord","2x 81x62","1996","2800"
"schilderijen 04 en schilderijen amsterdam 035.jpg","Dramatisch paard","Ol.o.p.","65x50","1992","1300"
"schilderijen 04 en schilderijen amsterdam 036.jpg","Liefde / Macht / Spel / Verraad (vierluik)","Aq.","4x 32x24","1992","1450"
"schilderijen 04 en schilderijen amsterdam 038.jpg","Liefde / Macht / Spel / Verraad (vierluik)","Aq.","4x 32x24","1992","1450"
"schilderijen 04 en schilderijen amsterdam 039.jpg","Liefde / Macht / Spel / Verraad (vierluik)","Aq.","4x 32x24","1992","1450"
"schilderijen 04 en schilderijen amsterdam 040.jpg","Liefde / Macht / Spel / Verraad (vierluik)","Aq.","4x 32x24","1992","1450"
"143.jpg","Twee paarden voor het water","Ol.o.doek","50x40","1991","1400"
"23.jpg","Twee paarden voor een rots","Ol.o.p.","65x50","1993","1350"
"245.jpg","Rennende paarden","Ol.o.karton","42x59,5","1995","1050"
"286.jpg","Blauw paard met gouden manen","Ol.o.p.","102,5x75","1995","1600"
"305.jpg","Vos / Paard in Hollands landschap","Ol.o.p.","68x49,5","1995","1300"
"306.jpg","Blauw paard met witte bles","Ol.o.p.","65,5x48","1995","-1"
"313.jpg","Hoestend paard","Ol.o.p.","65x50","1993","1200"
"paarden schilderijen 001.jpg","In nachtelijke eenzaamheid","Ol.o.lin.","150x130","1991","6500"
"paarden schilderijen 002.jpg","Twee strijdende paarden","Ol.o.doek","110x95","1993","3500"
"paarden schilderijen 107.jpg","Verwonde ruiter op paard","Potloodtek.","29,5x21","1992","300"
"schilderijen 04 en schilderijen amsterdam 034.jpg","Paard als nacht naar antieke ruïne toe","Ol.o.p.","65x50","1995","1500"
"103.jpg","Portret (Jezus)","Ol.o.lin.","30x35","2001","800"
"109.jpg","Russisch meisje","Ol.o.bord","22x26","1995","500"
"113.jpg","N","N","N","N","0"
"116.jpg","Intellectueel","Ol.o.bord","25x30","2001","800"
"117.jpg","Vrouw","Ol.o.doek","17,5x35,5","2000","600"
"118.jpg","Geopereerde","Ol.o.doek","24x30","2000","550"
"119.jpg","N","N","N","N","0"
"128.jpg","Jongensportret","Ol.o.lin.","17,5x20","2000","450"
"132.jpg","Kaal mannenportret","Ol.o.lin.","20x35","2001","600"
"134.jpg","de Man / de Ambtenaar","Ol.o.lin.","30x35","2000","550"
"135.jpg","de Iman / de Rabijn","Ol.o.lin.","30x35","2001","550"
"151.jpg","Portret (boers portret)","Ol.o.doek","30x40","2000","600"
"153.jpg","Psycho portret","Ol.o. vloerdelen","40x40","1999","500"
"55.jpg","N","N","N","N","0"
"156.jpg","Jongemannenportret met platte neus","Ol.o.lin","30x40","2001","700"
"235 a.jpg","N","N","N","N","0"
"235 b.jpg","N","N","N","N","0"
"235 c.jpg","N","N","N","N","0"
"258.jpg","Casje","Ol.o.lin.","21x26","2001","-1"
"270.jpg","Jongens portret (puber)","Ol.o.p.","26x35","1997","550"
"34.jpg","Dubbelportret-traanogen","Ol.o.bord","Elk 16,5x17,5","1998","650"
"56.jpg","Vrouw / meisje","Ol.o.lin.","32x35","2000","600"
"57.jpg","Oude man met stok (portret)","Ol.o.lin.","42x30","2000","650"
"58.jpg","Boerin","Ol.o.lin.","21x25","2000","500"
"59.jpg","Bruidegom","Ol.o.lin.","22x26","2000","500"
"60.jpg","N","N","N","N","0"
"62.jpg","Jongensportret (melancholische ogen)","Ol.o.p.","25x34","1994","800"
"63.jpg","Kidnapper","Ol.o.p.","25x34","1994","800"
"73.jpg","Portret verwonde jongen","Ol.o.p.","21,5x30,5","1995","800"
"74.jpg","Travestiet","Ol.o.p.","23x37","1997","650"
"76.jpg","Portret van oosterling","Ol.o.p.","25x32,5","1999","550"
"77.jpg","Vrouwenportret met hand voor gezicht","Ol.o.p","25x32,5","1999","500"
"78.jpg","Portret van schele man","Ol.o.p.","25x32,5","1999","600"
"79.jpg","Meisjesportret met 2 staartjes","Ol.o.p.","25x32,5","1999","650"
"80.jpg","Meisjesportret","Ol.o.p.","25x25","1999","450"
"92.jpg","Passolini jongen","Ol.o.lin.","30x35","2001","850"
"schilderijen 01 085.jpg","N","N","N","N","0"
"schilderijen 02 015.jpg","N","N","N","N","0"
"schilderijen 02 016.jpg","Portretten landschap","Ol.o.bord","17x21,5","1987","-1"
"schilderijen 02 037.jpg","Jongen met scheve hals","Ol.o.lin.","16x21","1999","400"
"schilderijen 02 062.jpg","de Bokser","Ol.o.lin.","28x29","1992","450"
"schilderijen 02 071.jpg","N","N","N","N","0"
"schilderijen 02 083.jpg","Meisjesportret met hoofd naar links leunend","Ol.o.lin.","38x45","1990","700"
"01 b.jpg","de Nachtmerrie","Ets","19,5x24,5","1990","250"
"150.jpg","Compositie met schelpen","Ets","19,5x14,5","1993","225"
"169.jpg","Poppetje","Ol.o.bord","24,5x30,5","1988","450"
"205.jpg","Monique","Ol.o.lin.","75x55","1996","1100"
"224.jpg","Monique in antiek landschap","Ol.o.lin.","70x55","1996","1400"
"229.jpg","Collage","Acrylverf o.p.","69x97","1986","-1"
"230 A.jpg","Futuristische natuurmoord","Aq. / Gem.tech.","66x48","1986","900"
"230 B.jpg","Futuristische natuurmoord II","Aq. / Gem.tech.","66x48","1986","900"
"230 C.jpg","Dambordcompositie met geel groen zwart","Aq. / Gem.tech.","66x48","1986","900"
"231 B.jpg","Stilleven met schedel van ram","Potl.o.p.","51,5x69,5","1986","800"
"231.jpg","Stilleven met schedel van ram II","Potl.o.p.","51,5x69,5","1986","750"
"232 A.jpg","Stilleven met glazen","Aq. / Gem.tech.","66x48","1986","1000"
"232 B.jpg","Stilleven","Aq.","66x48","1986","700"
"232 C.jpg","Stilleven II","Aq.","66x48","1986","700"
"232 D.jpg","Stilleven III","Aq.","66x48","1986","700"
"232 E.jpg","Stilleven IV","Aq.","66x48","1986","700"
"232 F.jpg","Stilleven V","Aq.","66x48","1986","700"
"232 G.jpg","Stilleven I","Krijt o.p.","66x48","1986","550"
"232 H.jpg","Stilleven II","Krijt o.p.","66x48","1986","550"
"232 I.jpg","Stilleven III","Krijt o.p.","66x48","1986","550"
"232 J.jpg","Stilleven IV","Krijt o.p.","66x48","1986","550"
"232.jpg","Analytisch-kubistisch stilleven","Gem.tech.","66x48","1986","1110"
"239.jpg","Model","Aq.o.p.","25x25","1985","350"
"240.jpg","Model","Aq.o.p.","25x25","1985","350"
"242.jpg","Potloodstudie aubergine/paprika","Potlood .o.p.","35x50","1984","450"
"244.jpg","Man op stoel","Oliekr.o.p.","21x29","1993","250"
"250.jpg","Stilleven glas met krant","Aq.","51x36","1996","1200"
"251.jpg","Stilleven versie 2 George Cross","Aq.","51x36","1996","1200"
"254.jpg","Studie met paardenkastanje en bramen","Ind.inkt","35x50","1995","700"
"256.jpg","Witte bloem met rode achtergrond","Ol.o.p.","37x52","1994","600"
"259.jpg","Meisje met lingerie","Br. / zw. inkt","38x50","1997","500"
"260 A.jpg","Dierenstudie","Aq.","36,5x51","1985","500"
"260B.jpg","Dierenstudie","Aq.","36,5x51","1985","600"
"262 b.jpg","Model étude","Aq.","36x51","1986","550"
"262.jpg","Model étude II","Aq.","36x51","1986","500"
"268.jpg","Afro man met rode achtergrond","Ol.o.p.","50,5x65","1995","700"
"310.jpg","Marloes op stoel","Aq.","55x75","2001","900"
"316.jpg","Marloes","Aq.","51x65","2001","800"
"318.jpg","Treurnis","Gem. tech. o.p.","65x100","1994","750"
"322.jpg","Studie met bewegende armen","Krijt o.p.","65x100","1996","750"
"40.jpg","Dode merel","Aq.","29x21","1991","450"
"81.jpg","Vrouw met rood haar","Ol.o.lin.","33x26","1992","500"
"82.jpg","Vrouw met linkerarm op heup","Ol.o.lin.","33x26","1992","-1"
"paarden schilderijen 006.jpg","Hond in de wind","Ol.o.p.","21x29,5","1992","400"
"paarden schilderijen 087.jpg","Vechtende stieren","Ol.o.doek","30x44","1991","500"
"paarden schilderijen 089.jpg","Man&stier","Ol.o.doek","50x65","1989","900"
"paarden schilderijen 104.jpg","Honden en buit","Ol.o.doek","40x50","1988","700"
"paarden schilderijen 105.jpg","Vrouw met stier","Ol.o.doek","40x50","1988","900"
"schilderijen 01 026.jpg","Gauguinesque vrouw","Ol.o.p.","42x60","1993","800"
"schilderijen 01 036.jpg","Slapende vrouw met mozaïkdekbed","Ol.o.p.","76,5x56","1994","1100"
"schilderijen 01 037.jpg","Liggende vrouw met appel","Acryl o.p.","55x85","1993","800"
"schilderijen 01 038.jpg","Liggende vrouw met rood kapje","Acryl o.p.","55x85","1993","850"
"schilderijen 01 062.jpg","Aalscholverkopstudie","Gouache","35x50","1985","-1"
"schilderijen 01 063.jpg","Meisje in bed boek lezend","Ol.o.p.","30x21","1993","500"
"schilderijen 01 069.jpg","Liggende Afro-dite","Ol.o.p.","34x25","1992","500"
"schilderijen 01 072.jpg","Drinkend wachtend","Ol.o.p.","34x25","1992","550"
"schilderijen 01 073.jpg","Model kijkend naar links","Ol.o.p.","34x25","1992","550"
"schilderijen 01 074.jpg","Hond zich verschonend","Ol.o.p.","21x29,5","1992","400"
"schilderijen 01 076.jpg","Schaduwen","Ol.o.p.","34x25","1994","600"
"schilderijen 01 084.jpg","Zittend op kruk","Ol.o.p.","31x24","1994","500"
"schilderijen 01 090.jpg","Masturberende","Ol.o.p.","35x26","1991","450"
"schilderijen 01 091.jpg","Vrouw starend naar buiten naar Postweg","Ol.o.p.","35x26","1993","550"
"schilderijen 01 092.jpg","Oude man (rood)","Aq.","13x24","1995","225"
"schilderijen 01 093.jpg","Negroide schoonheid","Aq.","21x29","1994","300"
"schilderijen 01 095.jpg","Blondine","Aq.","21x30","1993","300"
"schilderijen 01 098.jpg","Model armen op hoofd","Ol.o.p.","21,5x30,5","1993","500"
"schilderijen 01 099.jpg","Ongestelde","Ol.o.p.","21,5x30,5","1993","500"
"schilderijen 01 100.jpg","Monumentaal model","Ol.o.p.","32x40","1993","550"
"schilderijen 01 102.jpg","Model op stoel","Ol.o.p.","34x25","1991","550"
"schilderijen 01 107.jpg","Theo naast Vincents bed","Bruine inkt o.p.","30x22","1993","250"
"schilderijen 01 113.jpg","Liggend zwanger","Ol.o.p.","30x21","1991","275"
"schilderijen 01 114.jpg","Vrouw in angst en twijfel","Ol.o.p.","32x40","1994","550"
"schilderijen 01 119.jpg","Hond in sneeuw","Ol.o.p.","30x21","1991","450"
"schilderijen 01 123.jpg","Twee honden","Ol.o.p.","30x21","1991","350"
"schilderijen 01 124.jpg","Model met rood haar","Ol.o.p.","21,5x30,5","1992","300"
"schilderijen 02 043.jpg","Roodharig model","Ol.o.p.","54x64","1992","650"
"schilderijen 02 065.jpg","Dode merel","Ol.o.doek","40,5x31","1991","1400"
"schilderijen 02 066.jpg","Droom (met paarden)","Ol.o.doek","40x50","1991","900"
"schilderijen 02 070.jpg","Zwanger in landschap","Ol.o.doek","40x50","1993","900"
"schilderijen 02 077.jpg","Pubermodel","Ol.o.lin.","40x50","1994","900"
"schilderijen 02 078.jpg","Melancholisch landschap met paardenstandbeeld","Ol.o.lin.","50x40","1995","1800"
"schilderijen 02 098.jpg","Vrouw met paarsdonkere achtergrond","Ol.o.lin.","32x24","1994","900"
"schilderijen 02 120.jpg","Zonnende","Ol.o.p.","34x25","1993","450"
"schilderijen 02 124.jpg","Liggende eenzame","Potl.o.p.","14x20","1989","200"
"schilderijen 02 130.jpg","Model in perspectief","Potl.o.p.","14x20","1989","200"
"schilderijen 02 134.jpg","Sorrow","Bruin kr.o.p.","29x21","1993","250"
"schilderijen 02 135.jpg","In elkaar gezakte","Aq.","24x18","1994","250"
"schilderijen 03 darius 005.jpg","Modelstudie van achter gezien","Potl.o.p.","50x70","1987","400"
"schilderijen 03 darius 006.jpg","Modelstudie","Potl.o.p.","50x70","1987","400"
"schilderijen 03 darius 014.jpg","Model étude","Donkerblauwe inkt","70x50","1987","400"
"schilderijen 03 darius 020.jpg","Vrouwelijk torsostudie","Potl.o.p.","50x70","1987","400"
"schilderijen 03 darius 022.jpg","Vrouwelijk naakt","Oliekrijt o.p.","50x70","1995","400"
"schilderijen 03 darius 023.jpg","Vrouwelijk naakt II","Oliekrijt o.p.","50x70","1995","400"
"schilderijen 03 darius 024.jpg","Anna","Oliekrijt o.p.","50x70","1995","400"
"schilderijen 03 darius 025.jpg","Mollig model","Oliekrijt o.p.","50x70","1995","450"
"schilderijen 03 darius 026.jpg","Zwanger modelstudie","Oliekrijt o.p.","50x70","1995","400"
"schilderijen 03 darius 028.jpg","Liggende veteraan","Potl.o.p.","70x50","1987","400"
"schilderijen 03 darius 042.jpg","Compositie met verftubes","Ol.o.bord","40x50","1988","650"
"schilderijen 03 darius 046.jpg","Aan het strand liggende","Oliepastel o.plastic","29x21","1994","350"
"schilderijen 03 darius 048.jpg","Roze man (van voren gezien)","Oliekrijt tek.o.p.","18,5x28","1994","-1"
"schilderijen 03 darius 049.jpg","Roze man (van achter gezien)","Oliekrijt tek.o.p.","18,5x28","1994","300"
"schilderijen 03 darius 051.jpg","Collage / compositie","Gem. tech.","32x32","1985","-1"
"schilderijen 03 darius 057.jpg","Compositie met schelpen","Ets (ingekleurd)","19,5x14,5","1993","300"
"schilderijen 03 darius 088.jpg","Liggende vrouw met armen naar achter steunend","Bruine oliepastel","28,5x20,5","1994","300"
"schilderijen 03 darius 090.jpg","Anthonius","Oliepastel o.p.","28,5x20,5","1994","300"
"schilderijen 03 darius 091.jpg","Vrouw liggend, van achter gezien","Bruine oliepastel","28,5x20,5","1994","300"
"schilderijen 03 darius 092.jpg","Klassiek mannelijk model","Bruine oliepastel","28,5x20,5","1994","300"
"schilderijen 03 darius 094.jpg","Naamloos (vrouw)","Potl.o.p.","21x29","1994","250"
"schilderijen 03 darius 097.jpg","Man met geamputeerd been","Potlood.o.p.","21x29","1992","225"
"schilderijen 03 darius 099.jpg","Naamloos (man)","Potl.o.p.","21x29","1994","250"
"schilderijen 03 darius 100.jpg","Shaman","Potl.o.p.","18x14","1989","200"
"schilderijen 03 darius 101.jpg","Modeltekening","Zwarte inkt","16x24","1993","250"
"schilderijen 03 darius 102.jpg","Dubbelportret","Oliekrijt o.p.","31x21,5","1993","275"
"schilderijen 03 darius 104.jpg","Zelfbeeld als gevangene","Oliekrijt o.p.","21x29","1991","250"
"schilderijen 03 darius 105.jpg","Model","Pastel o. zwart plastic","21x29","1992","300"
"schilderijen 03 darius 107.jpg","Model in studio","Potlood .o.p.","27x36","1991","250"
"schilderijen 03 darius 109.jpg","Klassiek model met armen naar rechts wijzend","Potlood.o.p.","20x15","1991","275"
"schilderijen 03 darius 110.jpg","Minotaurus","Oliekrijt o.p.","21x30","1994","275"
"schilderijen 03 darius 111.jpg","Zittende man","Oliekrijt o.p.","34x26","1993","250"
"schilderijen 03 darius 112.jpg","Verschonen","Oliekrijt o.p.","21x29","1991","250"
"schilderijen 03 darius 113.jpg","Staande man","Eigen bloed.o.p.","23,5x32,5","1995","250"
"schilderijen 03 darius 114.jpg","Model / vrouw","Eigen bloed.o.p.","21x29","1995","250"
"schilderijen 03 darius 116.jpg","Stilleven met krant, glazen en boomwortels","Aq.","34x25","1992","500"
"schilderijen 03 darius 117.jpg","Zwanger model (met blauwe achtergrond)","Ol.o.p.","21x30,5","1993","400"
"schilderijen 03 darius 175.jpg","Schaamte","Oliekrijt o.p.","21x29","1992","250"
"schilderijen 03 darius 176.jpg","Wanhoop-gevallen","Oliekr.o.p.","29x21","1993","225"
"schilderijen 03 darius 177.jpg","Naar de verte starende","Oliekr.o.p.","29x21","1993","225"
"schilderijen 03 darius 181.jpg","Hülya","Aq.","18x30","1985","350"
"schilderijen 03 darius 182.jpg","Feith","Aq.","18x30","1985","325"
"schilderijen 03 darius 183.jpg","&Ouml;zden","Aq.","30x30","1985","325"
"schilderijen 03 darius 184.jpg","Model met een been op stoel","Aq.","25x35","1985","275"
"schilderijen 04 en schilderijen amsterdam 001.jpg","2x2=5 / Studie naar Leonardo","Olieverf o.bord en doek","80x80","1988","1200"
"schilderijen 04 en schilderijen amsterdam 005.jpg","Laatste avondmaal / verfmaal","Olie o.bord","65x80","1988","1600"
"schilderijen 04 en schilderijen amsterdam 006.jpg","Bevruchte koningin","Olie o.bord","65x80","1988","1600"
"schilderijen 04 en schilderijen amsterdam 015.jpg","Stilleven met ramskop","Ol.o.doek","50x70","1987","1200"
"138.jpg","Bevruchtingsspel (zwangerschap/spiegelbeeld)","Ol.o.doek","45x55","1991","900"
"139.jpg","Spel voor schuine horizon (evenwichtsspel)","Ol.o.doek","38,5x45","1991","1000"
"141.jpg","Vrouw met paard in bed / paard als man","Ol.o.p.","40x40","1991","900"
"142.jpg","Met rug gekeerd in bed","Ol.o.doek","38x37","1991","1000"
"190.jpg","Liefdesspel (wanhoop)","Kleurenpotlood.o.p.","13,5x16 (driehoek)","1991","300"
"191 B.jpg","Liefdesspel (de val)","Kleurenpotlood.o.p.","13,5x16 (driehoek)","1991","300"
"191.jpg","Liefdesspel (dood)","Kleurenpotlood.o.p.","13,5x16 (driehoek)","1991","300"
"192.jpg","Bokje springen I 3 pers.","Kl.potl.pastel.o.p.","14x12","1991","245"
"193.jpg","Bokje springen II 2 pers.","Kl.potl.(pastel) o.p.","12x10","1991","245"
"194.jpg","Voor het doel","Ol.o.p.","18x12","1992","300"
"195.jpg","Liefdesspel","Kl.potl pastel o.p.","12x9","1991","245"
"196.jpg","Bokje springen III 2 pers.","Pastel o.p. kl potl.","18x11","1991","270"
"197.jpg","Bokje springen IIII 5 pers.","Pastel o.p. kl.potl.","17x11","1991","270"
"206.jpg","Drie gratiën","Houtskool.o.p.","21x29,5","1993","250"
"214 b.jpg","de Nacht","Ets (ingekleurd)","16x24,5","1991","350"
"214.jpg","de Nacht","Ets","16x24,5","1991","250"
"216.jpg","de Nachtmerrie","Ets (ingekleurd)","19,5x24,5","1990","350"
"234 A.jpg","Vrouw","Olieverf / Gem.tech.o.p.","57x42","1989","900"
"234 B.jpg","Man","Olieverf / Gem.tech.o.p.","42x57","1989","900"
"24.jpg","Schreeuw (2-luik)","Gem. techniek ol.o.p.","2x42x59,5","1992","1600"
"26.jpg","Zondaars / zondigen","Litho / steendruk 4 kleurgangen","53x43","1996","600"
"271.jpg","Naar andere richtingen","Ol.o.p.","40x62","1991","600"
"28.jpg","Op de rug dragend (2-luik)","Gem. techniek ol.o.p.","2x42x59,5","1993","1600"
"283.jpg","Omhelzende mannen / trots","Aq.","50x110","1993","1110"
"285.jpg","Zwevende twee","Ol.o.p.","100,5x65","1993","1400"
"29.jpg","Zwevenden III (tweeluik)","Gem.tech.","40x62","1992","1200"
"291.jpg","Trappen af","Ol.o.p.","36x59","1993","650"
"3.jpg","Het evenwicht in de relatie","Ol.o.p.","67x37","1992","850"
"309.jpg","Tweelingen / Tweeën","Aq. Kl.potl. acryl o.p.","2-luik 2x 75x55","1993","1600"
"315.jpg","Muze / Waternimpf / Marloes","Aq.","75x55","2001","1200"
"317 II.jpg","Melaatse","Ol. Gem.techn.o.p.","65x100","1994","900"
"32.jpg","De vallenden","Gem.tech.","40x62","1992","1200"
"323.jpg","Solidair zijn / steun","Oliekr.tek.","65x100","1994","800"
"paarden schilderijen 091.jpg","Droom in bed","Ol.o.doek","31x31","1993","900"
"schilderijen 01 044.jpg","Zwevenden (tweeluik)","Gem.tech.","40x62","1992","1300"
"schilderijen 01 060.jpg","Fantasievrouwen","Ol.o.p.","70x100","1990","900"
"schilderijen 01 065.jpg","Paradoxale relaties","Ol.o.p.","30x21 / 21x30","1991 / 1992","450"
"schilderijen 01 066.jpg","Paradoxale relaties","Ol.o.p.","30x21 / 21x30","1991 / 1992","450"
"schilderijen 01 068.jpg","Paradoxale relaties","Ol.o.p.","30x21 / 21x30","1991 / 1992","450"
"schilderijen 01 070.jpg","Paradoxale relaties","Ol.o.p.","30x21 / 21x30","1991 / 1992","450"
"schilderijen 01 071.jpg","Paradoxale relaties","Ol.o.p.","30x21 / 21x30","1991 / 1992","450"
"schilderijen 01 075.jpg","Paradoxale relaties","Ol.o.p.","30x21 / 21x30","1991 / 1992","450"
"schilderijen 01 078.jpg","Paradoxale relaties","Ol.o.p.","30x21 / 21x30","1991 / 1992","450"
"schilderijen 01 086.jpg","Paradoxale relaties","Ol.o.p.","30x21 / 21x30","1991 / 1992","450"
"schilderijen 01 089.jpg","Paradoxale relaties","Ol.o.p.","30x21 / 21x30","1991 / 1992","450"
"schilderijen 01 111.jpg","Paradoxale relaties","Ol.o.p.","30x21 / 21x30","1991 / 1992","450"
"schilderijen 01 117.jpg","Paradoxale relaties","Ol.o.p.","30x21 / 21x30","1991 / 1992","450"
"schilderijen 01 118.jpg","Paradoxale relaties","Ol.o.p.","30x21 / 21x30","1991 / 1992","450"
"schilderijen 01 120.jpg","Paradoxale relaties","Ol.o.p.","30x21 / 21x30","1991 / 1992","450"
"schilderijen 01 122.jpg","Paradoxale relaties","Ol.o.p.","30x21 / 21x30","1991 / 1992","450"
"schilderijen 01 129.jpg","Paradoxale relaties","Ol.o.p.","30x21 / 21x30","1991 / 1992","450"
"schilderijen 01 130.jpg","Paradoxale relaties","Ol.o.p.","30x21 / 21x30","1991 / 1992","450"
"schilderijen 01 080.jpg","Aan ziektebed","Ol.o.p.","24,5x35","1994","550"
"schilderijen 01 104.jpg","Drie gezusters","Ol.o.p.","27,5x37,5","1994","650"
"schilderijen 01 115.jpg","Meisje met hond","Ol.o.p.","21x30","1993","450"
"schilderijen 01 127.jpg","Hond als wachter","Ol.o.p.","21x30","1993","450"
"schilderijen 01 128.jpg","Verlokking","Ol.o.p.","21x30","1993","450"
"schilderijen 02 066.jpg","Droom (met paarden)","Ol.o.doek","40x50","1991","900"
"schilderijen 02 079.jpg","Bokje springen","Ol.o.lin.","45x60","1994","900"
"schilderijen 02 103.jpg","Gesprek in het nachtlandschap","Ol.o.bord","20,5x26","1988","550"
"schilderijen 03 darius 063.jpg","Schepping van Venus","Ets (ingekleurd)","24,5x29","1990","400"
"schilderijen 03 darius 095.jpg","Drie figuren","Pentekening zwarte inkt","24x33","1989","275"
"schilderijen 03 darius 096.jpg","Drie figuren","Pentekening zwarte inkt","24x33","1989","275"
"schilderijen 03 darius 103.jpg","Drie figuren","Pentekening zwarte inkt","24x33","1989","275"
"schilderijen 03 darius 118.jpg","Groen Café","Ol.o.p.","34x25","1992","-1"
"schilderijen 03 darius 125.jpg","Naamlozen / de etalages (2-luik)","Ol.o.p.","elk 56x76","1992","1700"
"schilderijen 03 darius 132.jpg","Wanhopigen","Ol.o.bord","45x60","1990","1110"
"schilderijen 03 darius 134.jpg","Melancholische vrouw","Ol.o.doek","40x50","1989","900"
"schilderijen 03 darius 135.jpg","Verhouding / Twee vrouwen","Ol.o.lin.","40x50","1995","1000"
"schilderijen 03 darius 137.jpg","De eerste dagen van het paradijs","Ol.o.bord","61x82","1988","5500"
"schilderijen 03 darius 138.jpg","God","Ol.o.bord","61x82","1988","2400"
"schilderijen 03 darius 194.jpg","De vallenden (tweeluik)","Gem.tech.","40x62","1992","1200"
"schilderijen 04 en schilderijen amsterdam 018.jpg","de Liefde / de Mythe / Opportuun","Ol.o.doek","95x110","1988","2800"
"schilderijen 04 en schilderijen amsterdam 051.jpg","Gezelschap (hond met vrouw in bed)","Ol.o.p.","30x21","1991","500"
"1.jpg","Een-zaam-heid","Oliepastel o.bord","72x90","1990","1800"
"111.jpg","Serie van wachtenden (vrouwen)","Ol.o.bord","29x22","1993","1100"
"112.jpg","Wachtenden in de rij (vijf figuren)","Olie o.p.","25x25,5","1993","900"
"14.jpg","Etalage (tweeluik)","Gem. tech. o.p.","14x22 / 22x14","1994","550"
"160 a.jpg","Wachtenden (vijf mannen)","Ol.o.bord","82x61","1995","1600"
"160 b.jpg","Wachtenden (zes mannen)","Ol.o.bord","82x61","1995","1600"
"160 c.jpg","Wachtenden (zeven mannen)","Ol.o.bord","82x61","1995","1700"
"18.jpg","Wachtenden","Acryl/aquarel op papier","55,5x76","1993","1200"
"184.jpg","Serie Wachtenden visite/gesprek","Ol.o.p.","30,5x43,5","1995","900"
"220.jpg","Serie van Wachtenden","Ets (ingekleurd)","19,5x29","1993","350"
"264.jpg","Serie van Wachtenden (vijf mannen)","Ol.o.p.","37,5x26,5","1994","950"
"294.jpg","Serie Wachtenden (rondom cirkel)","Ol.o.p.","75x55","1993","1250"
"31.jpg","Torso’s  Naamlozen-etalage","Gem.techniek/ol.o.p","2-luik 42x59,5","1992","1350"
"schilderijen 01 009.jpg","Wachtenden VII (vijf mannen en een vrouw)","Ol.o.lin.","150x110","1995","4800"
"schilderijen 01 010.jpg","Wachtenden (met zelfbeeld)","Ol.o.lin.","150x110","1995","4800"
"schilderijen 01 081.jpg","Serie Wachtenden (rondom cirkel)","Ol.o.p.","32x21","1991","450"
"schilderijen 01 082.jpg","Wachtenden zwangeren","Ol.o.p.","32x21","1991","450"
"schilderijen 01 094.jpg","Sterke kerel","Aq.o.p.","22x30","1993","350"
"schilderijen 01 097.jpg","Versieren","Potlood / Aq. o.p.","22x30","1993","350"
"schilderijen 02 059.jpg","Troostend gesprek","Ol.o.p.","76x56","1995","1200"
"schilderijen 02 091.jpg","Wachtenden (vijf mannen)","Ol.o.bord","31x31","1994","1050"
"schilderijen 02 118.jpg","Wachtenden (vijf mannen)","Ol.o.p.","37,5x26,5","1994","950"
"schilderijen 02 156.jpg","Wachtenden (zeven mannen)","Ol.o.p.","37,5x26,5","1994","950"
"schilderijen 03 darius 055.jpg","Solidariteit","Ets op loodplaat","30x39","1994","325"
"schilderijen 03 darius 093.jpg","Parade","Oliepastel o.p.","25x34,5","1994","425"
"schilderijen 04 en schilderijen amsterdam 046.jpg","De grote étalage","Ol.o.lin.","200x160","1995","6500"
"schilderijen 04 en schilderijen amsterdam 047.jpg","Drie gratiën","Ol.o.p.","32x41","1995","950"
"schilderijen 04 en schilderijen amsterdam 048.jpg","Wachtenden in de rij (vier figuren)","Olie o.p.","25x25,5","1993","600"
"schilderijen 04 en schilderijen amsterdam 049.jpg","Wachtenden in de rij (vijf figuren)","Olie o.p.","25x25,5","1993","650"
"schilderijen 04 en schilderijen amsterdam 052.jpg","Wachtenden in binnenplaats","Olie o.p.","25x25,5","1993","600"
"schilderijen 04 en schilderijen amsterdam 053.jpg","Wachtenden / XN","Potlood / Aq. o.p.","22x30","1993","350"
"schilderijen 04 en schilderijen amsterdam 054.jpg","Versiering","Aq.","21x30","1993","350"
"schilderijen 04 en schilderijen amsterdam 056.jpg","Vier kleurige figuren op een rij","Aq.","21x30","1993","350"
"schilderijen 04 en schilderijen amsterdam 059.jpg","Wachtenden in binnenplaats (zeven figuren)","Olie o.p.","32x41","1993","800"
"schilderijen 04 en schilderijen amsterdam 061.jpg","Parade / drie knapen","Aq. / zwarte inkt","22x30","1993","350"
"10.jpg","Portret (Jezus)","Ol.o.p.","30x45","2001","550"
"104.jpg","Zelfportret","Ol.o.lin.","19,5x24","1995","450"
"105.jpg","Portret als zelfportret","Ol.o.bord","17x21","1995","400"
"106.jpg","Zelfportret als Michelangelo","Ol.o.bord","14x24","1995","400"
"122.jpg","Zelfportret (als gek)","Ol.o.lin.","14x15","1992","300"
"127.jpg","Zelfportret à la Goya","Ol.o.pap.","22x28","1991","700"
"130.jpg","Zelfportret met rode achtergrond","Ol.o.lin.","14x16","1995","-1"
"136.jpg","Zelfportret met 1 arm","Ol.o.lin.","45x55","1996","900"
"144.jpg","Zelfportret met hoed en ster","Ol.o.doek","40x50","1993","1200"
"16.jpg","Zelfportret met de ""wond"" / Kijk, kijk, ongelovige","Olieverf op papier","30,5x50","1999","900"
"166.jpg","Zelfportret als gestenigde monnik","Ol.o.lin","30x32","1996","700"
"167.jpg","Zelfportret in winterweer","Ol.o.doek","19x23,5","1991","450"
"172.jpg","Zelfportret zonder voortanden","Ol.o.doek","30x38","1988","800"
"255.jpg","Zelfportret","Heliografie","27,5x28,5","1994","350"
"35.jpg","Zelfportret","Ol.o.bord","25x30,5","1998","550"
"61.jpg","Zelfportret als monnik","Ol.o.p","24x32","1996","-1"
"64 a.jpg","Zelfportret (onverzorgd haar)","Potl.o.p.","1xA4","1993","200"
"64 b.jpg","Zelfportret (onverzorgd haar)","Potl.o.p.","1xA4","1993","200"
"65.jpg","Zelfportret (barok)","Ol.o.lin.","25x29","1994","750"
"66.jpg","Zelfportret (blauw hemd)","Ol.o.p.","40x50","1988","900"
"70.jpg","Zelfportret","Indische inkt o.p.","23x17","1992","250"
"71 II.jpg","Zelfportret met sik","Potlood o.p.","23x28","1995","200"
"71 III.jpg","Zelfportret met sik","Potlood o.p.","23x28","1995","200"
"71.jpg","Zelfportret met sik","Potlood o.p.","2x23x28","1995","200"
"84.jpg","Zelfportret (aan het schilderen)","Ol.o.lin.","45x45","2001","1000"
"85 II.jpg","Zelfportret","Ets","16x24","1991","200"
"85.jpg","Zelfportret","Ets (ingekleurd)","16x24","1991","275"
"96.jpg","Zelfportret als stier of satan","Ol.o.lin.","26x33","1994","600"
"schilderijen 01 126.jpg","Zelfportret","Ol.o.pap.","21x29","1993","450"
"schilderijen 02 060.jpg","Derwisch","Ol.o.lin.","15x20","1989","350"
"schilderijen 03 darius 128.jpg","Zelfportret met rode baard","Ol.o.lin.","38x45","1993","800"
"schilderijen 03 darius 136.jpg","N","N","N","N","0"
"schilderijen 03 darius 188.jpg","Zelfportret (onverzorgd haar)","Potlood.o.p.","Envelop 15,5x22","1993","200"
"schilderijen 03 darius 191.jpg","Zelfportret","Aq.","21x29","1996","245"
"168.jpg","Zelfportret zittend op stoel","Ol.o.bord","26x34","1991","900"
"schilderijen 03 darius 187.jpg","Kaal zelfportret als oude man","Houtskool o.p.","21x29","1991","250"
